"taaft_icon src","ai_link href","ai_link","current_version","external_ai_link href","short_desc","task_label","task_label href","changelog_body","relative","ai_launch_date","stats_views","saves","average_rating","views_count_count","visit_ai_website_link","visit_ai_website_link href","user_card href","user_profile_picture src","user_name","user_ais_count","stat_label","changelog_upvote","country href","country","country 2","user_karma","stat_label 2"
"https://media.theresanaiforthat.com/icons/boltai-web-designer.svg?height=207","https://theresanaiforthat.com/ai/boltai-web-designer/","BoltAI Web Designer","v1.10","https://boltai.dev/?ref=taaft&utm_source=taaft&utm_medium=referral","Transform website ideas into web pages using AI.","Web design","https://theresanaiforthat.com/task/web-design/","- Enhanced AI capabilities
- Create Project feature
- Edit existing screens using AI","6s ago","100% Free","2,752","68","4.0","","","","","","","","","","","","","",""
"https://media.theresanaiforthat.com/assets/ai-default.svg?height=207","https://theresanaiforthat.com/ai/flux-lora-ai-image-generator/","LoRA AI","","https://loraai.io/?ref=taaft&utm_source=taaft&utm_medium=referral","AI images and videos made easy, LoRA made yours.","Images","https://theresanaiforthat.com/task/images/","","2h ago","Free + from $9.99/mo","81","1","1.0","","","","","","","","","","","","","",""
"https://media.theresanaiforthat.com/icons/floot.svg?height=207","https://theresanaiforthat.com/ai/floot/","Floot","v1.1.0","","The easiest and most powerful way to build apps with AI.","Vibe coding","https://theresanaiforthat.com/task/vibe-coding/","New: Upload Multiple Files + CSV Analysis

We've made some significant upgrades to how Floot handles files.

What's Changed:

Floot previously supported only a single image upload. Now you can attach up to 10 files at once, and we've expanded format support to include audio, PDFs, and CSVs.

With this, Floot can now also process CSV files. Upload your data and Floot helps you work with it directly through conversation:
- Create visualizations from your data
- Perform analysis without switching tools
- Import datasets to your database

Everything happens right in the chat - no need to jump between applications.","4h ago","Free + from $25/mo","44,648","51","","39,516","floot.com","https://floot.com/?utm_source=taaft&utm_medium=link","https://theresanaiforthat.com/@floot-team/","https://lh3.googleusercontent.com/a-/ALV-UjXuSaUXfQD-xR8svEuxjjNDEEX1o8z-_bVomFYMvudJsdGurosGCKwYZzKklxrxMQF0pgIEm9wtEAdVWUVidrUI14jsTZwnjOkSqPkB1JiZkwY_r8X9X0x-2151inCSrHN_xTQO7hLq-l7NxPopMHZ_gqt3yCUJeNu1NdJ5wSD5dCMsMBaPJJirMfloZS5O8h1tdOm2wrNx-D9s5GHtk1A3x4SIedPJ1bRwgqklccNGrIiRkh7xEb7lj6fTO2mtU9DMupI1GpXuzfBuCjkHXJbbJ2YMJ4JWEF12qbmFhXQHYKlhAzopkgpQb4lMLE_7etH-850rc3_XwVOrAK-bSKIQyszv_tZtyhnM4cI3tEul8No-Af8i7pacTQzlt3al6V-Tkj4wTvc9LIycpm69cNi9EPMA-2mYHRDAs3NZS-FLYNXR4uiS2nl52ME3p7-W31j7GuxMl2wYhR-btJQcVymOW3n7v0-K3XTQVVkw0AeJCQRjhJUypnGjoN5D0QFqzbqdkj2_i7ZwB-cBwCxVHkzXryOu4h985kgs_y86bvY0xK6fpDt6mHLoKRsb8yHbzCX-MNhlqSIBcKuCqyX9qv446dRe31D45QWf29tw6lJE--swokzIL5hvAQlBm5TToBzpeeKhTa9JCZ0AHmQXm61i85JMbJgTUdz06o3GsQR-WNYAabLMBiz2Smsk9XSFfy0nRVa9iObZvLwcLjiRG0TtncLfpCorBAhQZe6pOnmXuFHSh6ku-ZhjxpPI2g7jZb1HZLDXcBQ2hwhASbKETgcWWs0V-x2Hy-w9wqJY8TalPO1nB_PMs-vp6Kq0pn08J9Jt1PgfhE9GtvtytOqv5bEcF28ZjH764gTPr5Kku_lTCUtmGaVuOr1arguHjcbSian09T5-JZYCUQnEO8G94X8sWzC0j40LdYS9TjowhJ0Eh80HyyViGgEfcKc_tpEUKJv9qcOanbkKYDx4dqrAxRrT1v-DNA=s96-c?width=52","Floot Team","üõ†Ô∏è 1","tool","7","","","","",""
"https://media.theresanaiforthat.com/icons/ezintervuez.svg?height=207","https://theresanaiforthat.com/ai/ezintervuez/","EzIntervuez","","","Interview less. Decide better.","Interview preparation","https://theresanaiforthat.com/task/interview-preparation/","","7h ago","Free + from $99/mo","2,741","1","","2,671","www.ezintervuez.com","https://www.ezintervuez.com/?ref=taaft&utm_source=taaft&utm_medium=referral","","","","","","","","","","",""
"https://media.theresanaiforthat.com/icons/openai-codex.png?height=207","https://theresanaiforthat.com/ai/openai-codex/","OpenAI Codex","v5.3","https://openai.com/codex/?ref=taaft&utm_source=taaft&utm_medium=referral","Your AI-powered partner for smarter, faster, and more productive software engineering","Coding","https://theresanaiforthat.com/task/coding/","Integrated GPT-5.3-Codex as the core model powering the Codex app, enhancing coding intelligence and agent capabilities across workflows.  Ôøº

Improved agentic software engineering support ‚Äî better performance on large projects, complex tasks, refactors, and reviews (powered by Codex model evolution).  Ôøº

Unified sign-in and context syncing between the Codex app and ChatGPT account workflows.  

Parallel agent orchestration: Run multiple Codex agents simultaneously across projects with isolated worktrees.  Ôøº

Skills & automations: Support for reusable skills that extend Codex beyond code generation (e.g., documentation, synthesis, workflows)

Performance improvements and bug fixes across app workflows.  Ôøº

Enhanced git tooling incorporated directly in the app interface.","8h ago","No pricing","74","2","","","","","","","","","","","https://theresanaiforthat.com/map/?c=US","üá∫üá∏","United States","",""
"https://media.theresanaiforthat.com/icons/ai-ugc-video-gen.svg?height=207","https://theresanaiforthat.com/ai/ai-ugc-video-gen/","AI UGC Video Gen","","https://aiugcvideogen.com/?ref=taaft&utm_source=taaft&utm_medium=referral","Create viral video ads without cameras.","Video ads","https://theresanaiforthat.com/task/video-ads/","","8h ago","Free + from $19.99/mo","71","2","","","","","","","","","","","","","","",""
"https://media.theresanaiforthat.com/icons/luxreal.svg?height=207","https://theresanaiforthat.com/ai/luxreal/","LuxReal","","https://www.luxreal.ai/?ref=taaft&utm_source=taaft&utm_medium=referral","Create winning product videos in minutes.","Product videos","https://theresanaiforthat.com/task/product-videos/","","9h ago","Free + from $9.99","46","1","","","","","","","","","","","","","","",""
"https://media.theresanaiforthat.com/icons/claude.svg?height=207","https://theresanaiforthat.com/ai/claude/","Claude","4.6","https://www.anthropic.com/product?ref=taaft&utm_source=taaft&utm_medium=referral","Building reliable, interpretable AI systems","Large Language Models","https://theresanaiforthat.com/task/large-language-models/","Claude Opus 4.6

Better financial reasoning (+5.47% on Finance Agent, SOTA on TaxEval)

Improved information extraction (BrowseComp, DeepSearchQA)
Gains on SWE-bench and agentic benchmarks

128K max output tokens (was 64K)

Adaptive thinking replaces budget_tokens (deprecated)

New ""max"" effort level; effort parameter now GA

Server-side context compaction (infinite conversations)

Data residency controls (inference_geo)

Prefilling assistant messages removed

Better prompt injection resistance

Stronger alignment on sensitive tasks

Better first-pass quality for spreadsheets, presentations, financial models

Claude in Excel handles longer, more complex tasks","9h ago","#11 in Trending","43,927","532","4.2","","","","","","","","","","https://theresanaiforthat.com/map/?c=US","üá∫üá∏","United States","",""
"https://media.theresanaiforthat.com/icons/supertravel-ai-trip-planner.svg?height=207","https://theresanaiforthat.com/ai/supertravel-ai-trip-planner/","SuperTravel AI Trip Planner","","https://suptravel.ai/?ref=taaft&utm_source=taaft&utm_medium=referral","Plan your perfect trip with AI.","Travel plans","https://theresanaiforthat.com/task/travel-plans/","","10h ago","Free + from $5/mo","237","2","","","","","","","","","","","","","","",""
"https://media.theresanaiforthat.com/icons/adaptlypost.svg?height=207","https://theresanaiforthat.com/ai/adaptlypost/","AdaptlyPost","","https://adaptlypost.com/en/?ref=taaft&utm_source=taaft&utm_medium=referral","Create once, post everywhere across all social platforms.","Social media planning","https://theresanaiforthat.com/task/social-media-planning/","","11h ago","Free + from $29/mo","59","2","","","","","","","","","","","","","","",""
"https://media.theresanaiforthat.com/icons/supernormal.svg?height=207","https://theresanaiforthat.com/ai/supernormal/","Supernormal App","v0.20.1","","The AI assistant app that turns meetings into completed work","Productivity","https://theresanaiforthat.com/task/productivity/","Radiant is rebranding as Supernormal üéâ

The app will work exactly as before, but with a new name and app logo.

Update your app now to see the new branding, including a new app icon in your Mac dock.

Why the change? Supernormal, the company behind Radiant, is about to become much more than just a notetaker, so it made sense to bring Radiant back into the Supernormal brand family. The app won‚Äôt change, but soon you‚Äôll be able to do much more with the meetings you capture.","12h ago","#39 in Trending","127,527","130","4.3","120,477","radiantapp.com","https://www.supernormal.com/desktop-app?utm_source=taaft_organic&utm_medium=referral&utm_campaign=taaft-organic","https://theresanaiforthat.com/@laura-james/","https://lh3.googleusercontent.com/a/ACg8ocJFMQp-tN_rzFOSWfpWN0WrnQRNGlEQTJtlOwIJlGODqaXJq64=s96-c?width=52","Laura James","üõ†Ô∏è 1","tool","1","https://theresanaiforthat.com/map/?c=US","üá∫üá∏","United States","",""
"https://media.theresanaiforthat.com/icons/novelcraft.svg?height=207","https://theresanaiforthat.com/ai/novelcraft/","NovelCraft","","https://www.novelcraft.ai/?ref=taaft&utm_source=taaft&utm_medium=referral","Write your novel with AI by your side.","Novels","https://theresanaiforthat.com/task/novels/","","12h ago","Free + from $9/mo","74","1","","","","","","","","","","","","","","",""
"https://media.theresanaiforthat.com/icons/camclo3d.svg?height=207","https://theresanaiforthat.com/ai/camclo3d/","CamClo","","https://camclo3d.com/?ref=taaft&utm_source=taaft&utm_medium=referral","Ai powered Fashion Visualization","Fashion images","https://theresanaiforthat.com/task/fashion-images/","","14h ago","Free + from $26/mo","135","1","","","","","","","","","","","","","","",""
"https://media.theresanaiforthat.com/icons/ki-bilder-erstellen-com.svg?height=207","https://theresanaiforthat.com/ai/ki-bilder-erstellen-com/","KI-Bilder-Erstellen.com","","https://ki-bilder-erstellen.com/en?ref=taaft&utm_source=taaft&utm_medium=referral","Turn text into AI images in seconds.","Images","https://theresanaiforthat.com/task/images/","","17h ago","From $18.85/mo","151","1","","","","","","","","","","","","","","",""
"https://media.theresanaiforthat.com/icons/jobbyo.png?height=207","https://theresanaiforthat.com/ai/jobbyo/","Jobbyo","v2.0.0","","AI-powered job applications","Job applications","https://theresanaiforthat.com/task/job-applications/","Auto-Apply 2.0: Your AI Job Search Agent

üîÑ Changed

Auto-Apply has been completely rebuilt from the ground up as a conversational AI agent (previously a basic automation tool).

üöÄ New

- Conversational AI Agent ‚Äî Auto-Apply is no longer just automation. It's a real AI agent that works alongside you, learning your preferences, experience, and career goals over time.

Always-on Chat ‚Äî Stay in constant conversation with your AI copilot. Discuss opportunities, refine your strategy, and get real-time guidance.

Smart Clarification ‚Äî The agent proactively asks questions when something isn't clear, ensuring every application truly represents you.


Dynamic Resume Evolution ‚Äî Your resume is updated and tailored on demand with real-time review and feedback as you grow.

Personalized Learning Engine ‚Äî The more you interact, the smarter it gets. Each application becomes more targeted than the last.","22h ago","#4 in Trending","10,929","41","4.7","7,769","jobbyo.ai","https://jobbyo.ai/?ref=taaft&utm_source=taaft&utm_medium=referral","https://theresanaiforthat.com/@thiagobraz/","https://lh3.googleusercontent.com/a/ACg8ocJFyvY1Fff6ZOzQ9DPhD3o0bbfrO4VoV4qkqRXmWchourLf9TY=s96-c?width=52","Thiago Braz","üõ†Ô∏è 1","tool","2","https://theresanaiforthat.com/map/?c=US","üá∫üá∏","United States","",""
"https://media.theresanaiforthat.com/icons/lullme.png?height=207","https://theresanaiforthat.com/ai/lullme/","LullMe","","https://lullme.app/?ref=taaft&utm_source=taaft&utm_medium=referral","AI-powered personalized meditations based on your feelings.","Meditation","https://theresanaiforthat.com/task/meditation/","","1d ago","Free + from $20/mo","88","1","","","","","","","","","","","","","","",""
"https://media.theresanaiforthat.com/icons/vidgen.svg?height=207","https://theresanaiforthat.com/ai/vidgen/","VidGen","","","One-click AI video and image generation platform.","Videos","https://theresanaiforthat.com/task/videos/","","1d ago","Free + from $10","2,836","5","5.0","2,054","vidgenerator.ai","https://vidgenerator.ai/?ref=taaft&utm_source=taaft&utm_medium=referral","","","","","","","https://theresanaiforthat.com/map/?c=HK","üá≠üá∞","Hong Kong","",""
"https://media.theresanaiforthat.com/icons/trymusic-ai-song-generator.svg?height=207","https://theresanaiforthat.com/ai/trymusic-ai-song-generator/","Trymusic AI Song Generator","","https://trymusic.ai/?ref=taaft&utm_source=taaft&utm_medium=referral","Transform text to song with AI","Music","https://theresanaiforthat.com/task/music/","","1d ago","Free + from $8.33/mo","152","2","5.0","","","","","","","","","","","","","",""
"https://media.theresanaiforthat.com/icons/echoes-of-history-ai.svg?height=207","https://theresanaiforthat.com/ai/echoes-of-history-ai/","Echoes of History AI","","https://echoesofhistoryai.org/?ref=taaft&utm_source=taaft&utm_medium=referral","Chat with history's greatest minds.","Historical conversations","https://theresanaiforthat.com/task/historical-conversations/","","1d ago","No pricing","113","2","","","","","","","","","","","","","","",""
"https://media.theresanaiforthat.com/icons/universal-3-pro-by-assemblyai.svg?height=207","https://theresanaiforthat.com/ai/universal-3-pro-by-assemblyai/","Universal-3 Pro by AssemblyAI","","","A promptable speech language model for voice AI.","Transcription","https://theresanaiforthat.com/task/transcription/","","1d ago","Free + from $0.15","3,693","2","","3,449","www.assemblyai.com","https://www.assemblyai.com/universal-3-pro?ref=taaft&utm_source=taaft&utm_medium=referral","","","","","","","https://theresanaiforthat.com/map/?c=US","üá∫üá∏","United States","",""
"https://media.theresanaiforthat.com/icons/tabletop-scribe.svg?height=207","https://theresanaiforthat.com/ai/tabletop-scribe/","Tabletop Scribe","","https://www.tabletopscribe.com/?ref=taaft&utm_source=taaft&utm_medium=referral","Transform TTRPG sessions into dynamic campaign wikis.","Gameplay summaries","https://theresanaiforthat.com/task/gameplay-summaries/","","1d ago","Free + from $01.10","197","2","","","","","","","","","","","","","","",""
"https://media.theresanaiforthat.com/icons/goldilocks-ai.svg?height=207","https://theresanaiforthat.com/ai/goldilocks-ai/","Goldilocks People Search Platform","","","Search and know any professional on earth","People search","https://theresanaiforthat.com/task/people-search/","","1d ago","Free + from $49/mo","2,243","1","","2,108","www.goldilocksai.co.uk","https://www.goldilocksai.co.uk/?ref=taaft&utm_source=taaft&utm_medium=referral","","","","","","","https://theresanaiforthat.com/map/?c=US","üá∫üá∏","United States","",""
"https://media.theresanaiforthat.com/icons/dartad.png?height=207","https://theresanaiforthat.com/ai/dartad/","DartAd","","https://dartad.com/en?ref=taaft&utm_source=taaft&utm_medium=referral","Turn product images into scroll-stopping ad videos.","Ads","https://theresanaiforthat.com/task/ads/","","1d ago","Free + from $5.00/mo","121","1","4.3","","","","https://theresanaiforthat.com/@antonia-mitrea/","https://lh3.googleusercontent.com/a/ACg8ocJ3e6qh6LhmQSgWZ_7ZCn5lIV5ur-HYfcotDZxseaZmxuGN_g=s96-c?width=52","Antonia Mitrea","","karma","","","","","üôè 433",""
"https://media.theresanaiforthat.com/icons/ai-clothes-changer-nanopro.svg?height=207","https://theresanaiforthat.com/ai/ai-clothes-changer-nanopro/","AI Clothes Changer - NanoPro","","https://nanopro.ai/ai-clothes-changer?ref=taaft&utm_source=taaft&utm_medium=referral","AI outfit changer to see yourself in different styles.","Virtual try-on","https://theresanaiforthat.com/task/virtual-try-on/","","1d ago","From $12.49/mo","261","1","5.0","","","","","","","","","","","","","",""
"https://media.theresanaiforthat.com/icons/wewevibe-local-vibe-finder.png?height=207","https://theresanaiforthat.com/ai/wewevibe-local-vibe-finder/","WeweVibe - Private Vibe Finder, Private Group and safety feature","","https://apps.apple.com/us/app/wewevibe-local-vibe-finder/id6748284551?ref=taaft&utm_source=taaft&utm_medium=referral","Don't just go, know the vibe first.","City exploration","https://theresanaiforthat.com/task/city-exploration/","","1d ago","100% Free","264","9","","","","","","","","","","","","","","",""
"https://media.theresanaiforthat.com/icons/dreamstories-1770045598.png?height=207","https://theresanaiforthat.com/ai/dreamstories-1770045598/","DreamStories","","","Magical personalized bedtime stories for children.","Children's stories","https://theresanaiforthat.com/task/children-s-stories/","","1d ago","Free + from $3/mo","9,738","4","5.0","9,531","dreamstories.app","https://dreamstories.app/?ref=taaft&utm_source=taaft&utm_medium=referral","","","","","","","https://theresanaiforthat.com/map/?c=NL","üá≥üá±","Netherlands","",""
"https://media.theresanaiforthat.com/icons/viyou-ai-video-extender.png?height=207","https://theresanaiforthat.com/ai/viyou-ai-video-extender/","Viyou AI Video Extender","","","Extend short videos naturally with AI.","Video extension","https://theresanaiforthat.com/task/video-extension/","","2d ago","From $39.99/yr","12,772","5","5.0","12,254","viyou.ai","https://viyou.ai/video-extend?ref=taaft&utm_source=taaft&utm_medium=referral","","","","","","","https://theresanaiforthat.com/map/?c=HK","üá≠üá∞","Hong Kong","",""
"https://media.theresanaiforthat.com/icons/deoptima.png?height=207","https://theresanaiforthat.com/ai/deoptima/","Deoptima","","https://chatgpt.com/g/g-69813456ab6c8191ae8b2d96a4cb2fbc-deoptima?ref=taaft&utm_source=taaft&utm_medium=referral","ChatGPT-powered assistant that guides you step-by-step to choose the best product/service","Decision making","https://theresanaiforthat.com/task/decision-making/","","2d ago","No pricing","242","2","","","","","","","","","","","","","","",""
"https://media.theresanaiforthat.com/icons/nextdocs-io.svg?height=207","https://theresanaiforthat.com/ai/nextdocs-io/","NextDocs.io","v1.5.0","","The AI-native editor for docs, slides, and more","Presentations","https://theresanaiforthat.com/task/presentations/","üéâ Limited-Time Launch Offer ‚Äî 20% Off

We‚Äôre celebrating the release of Deep Research with 20% off NextDocs.

Use code: TAAFT
Apply it at checkout.
Limited time only.

‚∏ª

NextDocs v1.5.0 ‚Äî Deep Research

Released: February 2026

Great documents start with great research.

With Deep Research, NextDocs creates documents backed by real, current information‚Äînot guesses. AI researches first, then writes. You get accurate, sourced, executive-ready output.

Describe what you need.
AI researches.
You get informed results.

‚∏ª

Deep Research

NextDocs now researches your topic before creating your document.

Instead of relying on training data alone, AI actively gathers fresh information:
	‚Ä¢	Searches the web for relevant content
	‚Ä¢	Reads and extracts insights from articles
	‚Ä¢	Searches your uploaded files and knowledge base
	‚Ä¢	Combines information from multiple sources
	‚Ä¢	Cites sources directly in your document

This is research you can trust.

‚∏ª

Research Depths

Choose how deep you want AI to go.

Standard
Best for most documents. Focused searches. Key sources. Fast and reliable.

Deep
Built for whitepapers, investment memos, and detailed reports. More sources. Deeper analysis. Maximum coverage.

You control the depth. AI handles the work.

‚∏ª

Real-Time Progress

No black box.

Watch AI research live as it happens:
	‚Ä¢	See every search query
	‚Ä¢	Track articles being read
	‚Ä¢	Monitor progress in real time
	‚Ä¢	View sources as they‚Äôre gathered

Total transparency. Full confidence.

‚∏ª

Source Citations

Every researched document includes:
	‚Ä¢	A complete list of sources
	‚Ä¢	Direct links to original articles
	‚Ä¢	Clear attribution for facts and data
	‚Ä¢	A transparent research trail

Your documents are backed by real information‚Äînot AI imagination.

‚∏ª

Example Use Cases

Market Research Report
‚ÄúCreate a report on AI trends in 2026 with current market data and expert predictions‚Äù

Competitive Analysis
‚ÄúResearch and compare the top 5 project management tools ‚Äî features, pricing, and user reviews‚Äù

Industry Overview
‚ÄúWrite a comprehensive overview of the renewable energy sector with recent statistics‚Äù

Investment Memo
‚ÄúResearch Tesla‚Äôs 2025 financials and create an investment analysis document‚Äù

‚∏ª

How It Works
	1.	Enter your prompt
	2.	Choose research depth (Standard or Deep)
	3.	Click generate
	4.	Watch AI research in real time
	5.	Get a fully sourced document

Same simple workflow.
Much better results.

‚∏ª

Also in v1.5.0

Performance Boost
Faster editing. Smoother interactions across the editor.

Export Improvements
More reliable exports to Google Slides and PowerPoint.

‚∏ª

Try Deep Research

Go to nextdocs.io.
Start a new document.
Select your research depth.
Generate.

And don‚Äôt forget: use code TAAFT for 20% off.

‚∏ª

Research first.
Create second.
Better documents.

‚Äî The NextDocs Team","2d ago","Free + from $20/mo","71,595","52","4.2","66,208","www.nextdocs.io","https://www.nextdocs.io/?ref=taaft&utm_source=taaft&utm_medium=referral","https://theresanaiforthat.com/@masabdi/","https://lh3.googleusercontent.com/a/ACg8ocKUvxdIgR7ItRXTphrWVLsUlFzmrHYqgCl1ogoGcvf5-vn6FgkG=s96-c?width=52","Mas Abdi","üõ†Ô∏è 1","tool","3","","","","üôè 2","karma"
"https://media.theresanaiforthat.com/icons/intuo.svg?height=207","https://theresanaiforthat.com/ai/intuo/","Intuo - AI Sales Intelligence Brief","v6","https://intuo.ai/?ref=taaft&utm_source=taaft&utm_medium=referral","Your AI-powered daily brief that tells you what matters and why","Sales","https://theresanaiforthat.com/task/sales/","Intuo is your personal AI briefing that monitors industry news, tracks conferences, and watches your prospects ‚Äî then tells you exactly why each item matters to your pipeline. For $29/month, stop sifting through noise and start every morning knowing exactly what's happening and what to do about it.","2d ago","From $10/mo","209,735","80","2.0","","","","https://theresanaiforthat.com/@michaelulin/","https://lh3.googleusercontent.com/a/ACg8ocJAYJtGb5FV2iTrgzKlftoXQ3RtR2mPFwqDAsOsSSmN4ZGa2g=s96-c?width=52","Michael Ulin","üõ†Ô∏è 11","tools","1","","","","üôè 220","karma"
"https://media.theresanaiforthat.com/icons/loamly.svg?height=207","https://theresanaiforthat.com/ai/loamly/","Loamly","v2.0","","See the visitors ChatGPT sends you ‚Äî they convert 4x","AI visibility","https://theresanaiforthat.com/task/ai-visibility/","Loamly 2.0 ‚Äì February Release
ChatGPT, Claude, Perplexity, Gemini ‚Äì they're all recommending products and services now. But you have no idea if they mention your brand or send you visitors.

Loamly tells you:
- Which AI bots are crawling your site
See exactly when ChatGPT, Claude, Perplexity, and Gemini fetch your pages. How often, which pages, timestamps.

- What AI says about you
Track the actual prompts where your brand appears. ""Best corporate catering Zurich"" ‚Äì are you in that answer? Your competitor? Neither?

- AI traffic hitting your site
Someone lands on your pricing page from a ChatGPT conversation. Loamly catches that ‚Äì even when they copy-paste the URL instead of clicking (dark AI traffic that shows as ""Direct"" everywhere else).

- Where you're missing
Keywords your competitors rank for in AI that you don't. Gaps you can actually fix.

New this month:
‚Üí Intelligence page rebuilt ‚Äì real keyword opportunities, SERP vs AI correlation, competitor gaps
‚Üí All 4 AI platforms in crawls dashboard
‚Üí Tasks board with drag-and-drop Kanban
‚Üí GTM templates for one-click install
‚Üí Conversion tracking that links visitors to signups

2-minute install. 30-day free trial. No credit card.
https://loamly.ai","2d ago","Free + from $29/mo","14,955","9","5.0","14,620","www.loamly.ai","https://www.loamly.ai/?ref=taaft&utm_source=taaft&utm_medium=referral","https://theresanaiforthat.com/@marco-di-cesare/","https://lh3.googleusercontent.com/a/ACg8ocJTytjSykXVpeax6152QBAkOBfXtd1Ip7ujaewZV-329upRid0=s96-c?width=52","Marco Di Cesare","üõ†Ô∏è 1","tool","9","https://theresanaiforthat.com/map/?c=CH","üá®üá≠","Switzerland","üôè 1","karma"
"https://media.theresanaiforthat.com/icons/team9-openclaw-ai-agent.svg?height=207","https://theresanaiforthat.com/ai/team9-openclaw-ai-agent/","Team9 - OpenClaw AI Agent","","https://team9.ai/?ref=taaft&utm_source=taaft&utm_medium=referral","Hire AI Staff and collaborate like real teammates.","Task automation","https://theresanaiforthat.com/task/task-automation/","","2d ago","No pricing","168","6","4.0","","","","","","","","","","","","","",""
"https://media.theresanaiforthat.com/icons/lucid-engine.svg?height=207","https://theresanaiforthat.com/ai/lucid-engine/","Lucid Engine","","","Get cited by AI search engines.","AI visibility","https://theresanaiforthat.com/task/ai-visibility/","","2d ago","From $99/mo","1,360","4","5.0","1,256","lucidengine.tech","https://lucidengine.tech/en/checker?ref=taaft&utm_source=taaft&utm_medium=referral","","","","","","","https://theresanaiforthat.com/map/?c=FR","üá´üá∑","France","",""
"https://media.theresanaiforthat.com/icons/multiplicity.png?height=207","https://theresanaiforthat.com/ai/multiplicity/","theMultiplicity.ai","","https://themultiplicity.ai/about?ref=taaft&utm_source=taaft&utm_medium=referral","Use multiple AI models at once to see where they agree/disagree","LLM comparison","https://theresanaiforthat.com/task/llm-comparison/","","2d ago","Free + from $5/mo","160","1","5.0","","","","https://theresanaiforthat.com/@corewise-video/","https://media.theresanaiforthat.com/u/corewise-video.png?width=52","CoreWise.Video","üõ†Ô∏è 1","tool","","","","","üôè 11","karma"
"https://media.theresanaiforthat.com/icons/hullo-ai-bio-generator.svg?height=207","https://theresanaiforthat.com/ai/hullo-ai-bio-generator/","Hullo AI Bio Generator","","https://hullo.dating/ai-bio-generator?ref=taaft&utm_source=taaft&utm_medium=referral","Write Your Best Dating Bio with AI","Dating profile bios","https://theresanaiforthat.com/task/dating-profile-bios/","","2d ago","100% Free","147","2","5.0","","","","","","","","","","https://theresanaiforthat.com/map/?c=VN","üáªüá≥","Viet Nam","",""
"https://media.theresanaiforthat.com/icons/youanai-for-agencies.svg?height=207","https://theresanaiforthat.com/ai/youanai-for-agencies/","Youanai","","","Manage every client's social in its own workspace.","Social Media Management","https://theresanaiforthat.com/task/social-media-management/","","2d ago","Free + from $50/mo","1,776","1","","1,689","youanai.com","https://youanai.com/?ref=taaft&utm_source=taaft&utm_medium=referral","","","","","","","https://theresanaiforthat.com/map/?c=US","üá∫üá∏","United States","",""
"https://media.theresanaiforthat.com/icons/konvertly.svg?height=207","https://theresanaiforthat.com/ai/konvertly/","Konvertly","","https://www.konvertly.app/?ref=taaft&utm_source=taaft&utm_medium=referral","Finds leads, writes emails, and books meetings all on autopilot.","Lead generation","https://theresanaiforthat.com/task/lead-generation/","","2d ago","From $99/mo","2,188","7","5.0","","","","https://theresanaiforthat.com/@konvertly/","https://media.theresanaiforthat.com/u/konvertly.png?width=52","Konvertly","üõ†Ô∏è 1","tool","","","","","üôè 4","karma"
"https://media.theresanaiforthat.com/icons/yooz-ai.svg?height=207","https://theresanaiforthat.com/ai/yooz-ai/","Yooz AI","v1.2","https://www.yooz.ai/?ref=taaft&utm_source=taaft&utm_medium=referral","AI LinkedIn post generator trained on top creators.","LinkedIn","https://theresanaiforthat.com/task/linkedin/","Trained on the most popular posts and your brand voice.

LinkedIn analytics and repurposing for your top-performing posts.

Better image generation models.

Publish to more social platforms (LinkedIn, X, Threads).","2d ago","Free + from $15/mo","1,726","20","4.0","","","","https://theresanaiforthat.com/@gmohamed/","https://media.theresanaiforthat.com/assets/level-0.png?width=52","G MOHAMED","üõ†Ô∏è 3","tools","5","","","","üôè 19","karma"
"https://media.theresanaiforthat.com/icons/shortfast.svg?height=207","https://theresanaiforthat.com/ai/shortfast/","ShortFast","v1.2","https://www.shortfast.com/?ref=taaft&utm_source=taaft&utm_medium=referral","Faceless videos on auto-pilot for viral growth.","Faceless videos","https://theresanaiforthat.com/task/faceless-videos/","Manual or automated faceless video creation.

Download or auto-publish to TikTok, YouTube, and Instagram.

Better B-roll quality from 5 million real video assets.

Faster video generation and rendering.","2d ago","#18 in Trending","766","14","4.0","","","","https://theresanaiforthat.com/@gmohamed/","https://media.theresanaiforthat.com/assets/level-0.png?width=52","G MOHAMED","üõ†Ô∏è 3","tools","9","","","","üôè 19","karma"
"https://media.theresanaiforthat.com/icons/kin-personal-ai.svg?height=207","https://theresanaiforthat.com/ai/kin-personal-ai/","Kin - Personal AI Advisors","v0.7.1.1","","Privacy-first & designed your for mind, and life at work","Personal development","https://theresanaiforthat.com/task/personal-development/","A journal that talks back!

Journal with prompts that actually know your life. Then talk through what you wrote with AI advisors who each bring a different lens‚Äîwork strategy, energy management, or deeper meaning. Morning, evening, and weekly templates built in, or create your own.","2d ago","100% Free","42,237","902","4.2","16,365","mykin.ai","https://mykin.ai/?ref=taaft&utm_source=taaft&utm_medium=referral","https://theresanaiforthat.com/@kinpersonalai/","https://media.theresanaiforthat.com/u/hyphenaps.png?width=52","myKin.ai","üõ†Ô∏è 1","tool","4","https://theresanaiforthat.com/map/?c=DK","üá©üá∞","Denmark","üôè 246","karma"
"https://media.theresanaiforthat.com/icons/hugo-ai.svg?height=207","https://theresanaiforthat.com/ai/hugo-ai/","Hugo AI","","","AI support agent that resolves tickets faster.","Business operations","https://theresanaiforthat.com/task/business-operations/","","2d ago","Free + from $45/mo","6,630","1","4.5","6,186","hugo.ai","https://hugo.ai/en/?ref=taaft&utm_source=taaft&utm_medium=referral","","","","","","","https://theresanaiforthat.com/map/?c=FR","üá´üá∑","France","",""
"https://media.theresanaiforthat.com/icons/dreamervision-ai.svg?height=207","https://theresanaiforthat.com/ai/dreamervision-ai/","dreamervision.ai","","https://dreamervision.ai/?ref=taaft&utm_source=taaft&utm_medium=referral","Bring your dreams to life with dreamervision.ai!","Vision boards","https://theresanaiforthat.com/task/vision-boards/","","2d ago","From $4.9/mo","112","1","5.0","","","","","","","","","","","","","",""
"https://media.theresanaiforthat.com/icons/scrollsequence.png?height=207","https://theresanaiforthat.com/ai/scrollsequence/","Scrollsequence","","","Build immersive scroll-driven digital experiences.","Scroll animations","https://theresanaiforthat.com/task/scroll-animations/","","2d ago","Free + from $19.99/mo","7,176","10","5.0","6,977","v2.scrollsequence.com","https://v2.scrollsequence.com/?ref=taaft&utm_source=taaft&utm_medium=referral","https://theresanaiforthat.com/@gabby23/","https://media.theresanaiforthat.com/u/gabby-5cdxo.png?width=52","Gabby","","karma","","https://theresanaiforthat.com/map/?c=UK","","","üôè 2",""
"https://media.theresanaiforthat.com/icons/ocr-z-ai.svg?height=207","https://theresanaiforthat.com/ai/ocr-z-ai/","OCR | z.AI","","https://ocr.z.ai/?ref=taaft&utm_source=taaft&utm_medium=referral","Free and accurate OCR powered by AI.","OCR","https://theresanaiforthat.com/task/ocr/","","2d ago","No pricing","106","","","","","","","","","","","","https://theresanaiforthat.com/map/?c=CN","üá®üá≥","China","",""
"https://media.theresanaiforthat.com/icons/framecall.svg?height=207","https://theresanaiforthat.com/ai/framecall/","FrameCall","","https://framecall.com/?ref=taaft&utm_source=taaft&utm_medium=referral","Animated videos without After Effects","Animated videos","https://theresanaiforthat.com/task/animated-videos/","","3d ago","No pricing","241","4","","","","","","","","","","","","","","",""
"https://media.theresanaiforthat.com/icons/dokie-ai-presentation-maker.svg?height=207","https://theresanaiforthat.com/ai/dokie-ai-presentation-maker/","Dokie: AI Presentation Maker","","https://dokie.ai/?ref=taaft&utm_source=taaft&utm_medium=referral","Your AI presentation agent for instant professional slides.","Presentations","https://theresanaiforthat.com/task/presentations/","","3d ago","Free + from $17/mo","372","8","4.6","","","","https://theresanaiforthat.com/@alex-bryce/","https://media.theresanaiforthat.com/assets/level-0.png?width=52","Alex Bryce","üõ†Ô∏è 1","tool","","https://theresanaiforthat.com/map/?c=SG","üá∏üá¨","Singapore","üôè 3","karma"
"https://media.theresanaiforthat.com/icons/devoice.svg?height=207","https://theresanaiforthat.com/ai/devoice/","DeVoice","","https://devoice.io/?ref=taaft&utm_source=taaft&utm_medium=referral","Turn your audio and video to accurate text","Transcription","https://theresanaiforthat.com/task/transcription/","","3d ago","Free + from $4.99","148","4","","","","","","","","","","","","","","",""
"https://media.theresanaiforthat.com/icons/ugc-maker-ai.svg?height=207","https://theresanaiforthat.com/ai/ugc-maker-ai/","UGC Maker AI","","https://ugcmaker.org/?ref=taaft&utm_source=taaft&utm_medium=referral","Smart AI Ad Creative Platform, Effortlessly Create Viral Images and Videos","UGC videos","https://theresanaiforthat.com/task/ugc-videos/","","3d ago","Free + from $9.99/mo","152","5","","","","","","","","","","","https://theresanaiforthat.com/map/?c=SG","üá∏üá¨","Singapore","",""
"https://media.theresanaiforthat.com/icons/notis-ai.svg?height=207","https://theresanaiforthat.com/ai/notis-ai/","Notis","2.4.0","","Your AI Intern One Message Away From All Your Tool Stack.","Personal assistant","https://theresanaiforthat.com/task/personal-assistant/","Notis is the AI intern one message away from your entire tool stack. Dictate ideas, delegate the busywork, and watch it update everything from your CRM to your socials ‚Äî right from WhatsApp, iMessage, Telegram, or emails.

In this week's release:
- More robust MCP OAuth setup (transport auto-detection, PKCE/public clients, and Dynamic Client Registration support).
- Faster Notion sync with a new recency + backfill algorithm.
- Slack integration fixes (file uploads + better mention handling + more reliable auto-replies).
- TTS is now using ElevenLabs.","3d ago","Free + from $20/mo","822,663","645","4.2","766,850","notis.ai","https://notis.ai/?ref=taaft&utm_source=taaft&utm_medium=referral","https://theresanaiforthat.com/@mindtheflo/","https://lh3.googleusercontent.com/a/ACg8ocJZoeSeFbLU4O78J95p15wvFaSOmMFhtj4eMB2DClDrsDjPDipAVA=s96-c?width=52","Florian","üõ†Ô∏è 2","tools","1","https://theresanaiforthat.com/map/?c=CH","üá®üá≠","Switzerland","üôè 58","karma"
"https://media.theresanaiforthat.com/icons/riverflow.svg?height=207","https://theresanaiforthat.com/ai/riverflow/","Riverflow","","https://www.riverflow.ai/?ref=taaft&utm_source=taaft&utm_medium=referral","Iconic visuals for every campaign you ship.","Product images","https://theresanaiforthat.com/task/product-images/","","3d ago","No pricing","87","","","","","","","","","","","","https://theresanaiforthat.com/map/?c=UK","","","",""
"https://media.theresanaiforthat.com/icons/tractorbeam.svg?height=207","https://theresanaiforthat.com/ai/tractorbeam/","TractorBeam","","https://tractorbe.am/?ref=taaft&utm_source=taaft&utm_medium=referral","An AI partner that calls you daily about goals.","Goals","https://theresanaiforthat.com/task/goals/","","3d ago","Free + from $49/mo","106","2","","","","","","","","","","","","","","",""
"https://media.theresanaiforthat.com/icons/eleven-labs.svg?height=207","https://theresanaiforthat.com/ai/eleven-labs/","ElevenLabs","v3","","Create lifelike AI voices for compelling storytelling.","Text to speech","https://theresanaiforthat.com/task/text-to-speech/","Expressive Text-to-Speech Model ‚Äî Most advanced and emotionally rich TTS to date.

Audio Tags Support ‚Äî Inline control over tone, emotion, and non-verbal cues.

Dialogue Mode ‚Äî Natural multi-speaker conversations with context-aware pacing and interruptions.  

70+ Languages ‚Äî Expanded multilingual support for global voice applications.

API Availability ‚Äî Eleven v3 (Alpha) now accessible via API for developers.

Text-to-Dialogue & Streaming ‚Äî New endpoints enable structured dialogues and streamed speech workflows.","3d ago","Free + from $3/mo","143,168","693","4.1","63,726","www.elevenlabs.io","https://www.elevenlabs.io/?ref=taaft&utm_source=taaft&utm_medium=referral","","","","","","3","https://theresanaiforthat.com/map/?c=US","üá∫üá∏","United States","",""
"https://media.theresanaiforthat.com/icons/vibesell-creative-studio.svg?height=207","https://theresanaiforthat.com/ai/vibesell-creative-studio/","VibeSell Creative Studio","","https://www.vibesell.dev/creative-studio?ref=taaft&utm_source=taaft&utm_medium=referral","Create & Sell 4K Images, AI Videos, 3D Models, websites and MORE.","Image to Video","https://theresanaiforthat.com/task/image-to-video/","","3d ago","No pricing","485","13","1.0","","","","","","","","","","","","","",""
"https://media.theresanaiforthat.com/icons/coderabbit.png?height=207","https://theresanaiforthat.com/ai/coderabbit/","CodeRabbit","v1.7","","Enhanced code review for improved workflow and quality.","Code reviews","https://theresanaiforthat.com/task/code-reviews/","Introducing CodeRabbit Plugin for Claude Code!

The CodeRabbit plugin for Claude Code creates an autonomous AI development workflow, helping you write and fix code without manual intervention.

Type /coderabbit:review (or just say ‚Äúreview my code‚Äù) to get AI-powered fixes directly in your dev flow!

Try it today, it‚Äôs free!","3d ago","Free + from $12/mo","1,267,383","750","3.8","1,138,147","coderabbit.ai","https://coderabbit.ai/?ref=taaft&utm_source=taaft&utm_medium=referral","https://theresanaiforthat.com/@vishukaur/","https://lh3.googleusercontent.com/a/ACg8ocI2zJ_qQy_IOyXQCXKre2TJaVbviEUKFhOixdFfdGw5=s96-c?width=52","Vishu Kaur","üõ†Ô∏è 1","tool","1","https://theresanaiforthat.com/map/?c=US","üá∫üá∏","United States","",""
"https://media.theresanaiforthat.com/icons/obsess-ai.svg?height=207","https://theresanaiforthat.com/ai/obsess-ai/","Obsess AI","","","AI-powered content engine for Shopify stores.","E-commerce content","https://theresanaiforthat.com/task/e-commerce-content/","","3d ago","Free + from $9/mo","459","1","","369","www.obsessai.com","https://www.obsessai.com/?ref=taaft&utm_source=taaft&utm_medium=referral","","","","","","","","","","",""
"https://media.theresanaiforthat.com/icons/scalarx.svg?height=207","https://theresanaiforthat.com/ai/scalarx/","scalerX","v1.15.0","","Supercharge Your Telegram Chats with Personalized AI Agents","Telegram","https://theresanaiforthat.com/task/telegram/","üöÄ New Release Highlights

‚úÖscalerX.ai Utility Token (SLXT) on Base

‚úÖSLXT is introduced as a protocol utility token supporting usage, staking, and internal incentive mechanics within scalerX.ai

‚úÖToken interactions are tied to measurable platform activity (automation runs, AI requests, and system usage), not external market behavior

‚úÖStaking with SLXT enables participation in protocol mechanics rather than ownership, profit rights, or revenue claims

‚úÖSLXT issuance and distribution follow predefined, usage-based rules and are transparently observable on-chain

‚úÖSLXT is designed to align long-term platform usage with protocol resource allocation and governance pathways

üêû Major Stability Improvements & Bug Fixes

SLXT Economy: https://token.scalerx.ai/","3d ago","Free + from $5.00/mo","58,906","188","4.5","40,426","scalerx.ai","https://scalerx.ai/?ref=taaft&utm_source=taaft&utm_medium=referral","https://theresanaiforthat.com/@amavashev/","https://lh3.googleusercontent.com/a/ACg8ocKfm4iB1PZrfL8G41p-HGvk44-SmYiwakpI9DRx80sgba-c6W-K=s96-c?width=52","Albert M","üõ†Ô∏è 1","tool","","","","","üôè 6","karma"
"https://media.theresanaiforthat.com/icons/sketchflow.png?height=207","https://theresanaiforthat.com/ai/sketchflow/","Sketchflow.ai","","https://www.sketchflow.ai/?utm_source=TAAFT&utm_content=launchpage","Text to native iOS & Android apps. Real Swift & Kotlin code","Vibe Coding","https://theresanaiforthat.com/task/vibe-coding/","","3d ago","Free + from $25/mo","1,541","8","4.4","","","","https://theresanaiforthat.com/@hedda-lam/","https://lh3.googleusercontent.com/a/ACg8ocJE32qJEu6QAwVN8cV5G4tJXYkFODabumAGIcJPQs-CTD-m2-Cf=s96-c?width=52","Hedda Lam","","","","","","","",""
"https://media.theresanaiforthat.com/icons/aitiger.svg?height=207","https://theresanaiforthat.com/ai/aitiger/","AiTiger","","","Story to Video - AI Workflows","Short videos","https://theresanaiforthat.com/task/short-videos/","","3d ago","From $17.4/mo","3,969","2","5.0","3,679","aitiger.ai","https://aitiger.ai/?ref=taaft&utm_source=taaft&utm_medium=referral","https://theresanaiforthat.com/@atharv-andewar-5etsw/","https://lh3.googleusercontent.com/a/ACg8ocJM_dBNYuZEx1A5NBGqeFpwchw0Mmi-JhR3X_2c77sDgdS5duvD=s96-c?width=52","Atharv Andewar","","karma","","https://theresanaiforthat.com/map/?c=AE","üá¶üá™","United Arab Emirates","üôè 1",""
"https://media.theresanaiforthat.com/icons/jason-ai.svg?height=207","https://theresanaiforthat.com/ai/jason-ai/","Jason AI","v3.5","","AI-powered assistant for B2B sales outreach","Sales","https://theresanaiforthat.com/task/sales/","Most outreach fails because you're talking to the wrong people. Jason AI SDR 3.5 solves this.

Jason helps you zero in on the leads most likely to buy. It automatically builds strategies that target small, specific audiences. Instead of sending countless emails into the void, you run smart, high-quality campaigns that drive real results.

‚Äì Identify high-fit leads:
You receive a score, a label, and a clear explanation for every lead. Filter them with a single click and engage only the prospects who fit this particular campaign.
No more guessing - early users see 2‚Äì3√ó higher reply rates by focusing on high-fit prospects.

‚Äì Use channels that convert:
Jason measures LinkedIn activity. Every prospect gets an engagement score based on their LinkedIn activity: posts, comments, and interactions.
No more messages disappearing into accounts which will never respond.

‚Äì Convert traffic into meetings:
Jason doesn‚Äôt just help you prioritize - it helps you capture opportunities automatically. Website visitors are identified and added to sequences in real time, so you start conversations while interest is high.

‚Äì Generate strategies in a click:
Now, Jason creates 15 completely different outreach approaches for your business in one click - all organized into ready-to-launch sequences.
Jason often suggests new audiences you may not have considered, giving you fresh angles to engage.

Better targeting. Higher replies. More meetings. All backed by data, not hunches.

Book a demo and see how Jason can serve your business.","3d ago","From $500/mo","172,597","573","4.1","118,240","jasonai.tech","https://reply.io/jason-ai/?ref=taaft&utm_source=taaft&utm_medium=referral","https://theresanaiforthat.com/@replyio/","https://media.theresanaiforthat.com/u/olehb.png?width=52","Reply","üõ†Ô∏è 1","tool","1","https://theresanaiforthat.com/map/?c=US","üá∫üá∏","United States","üôè 4","karma"
"https://media.theresanaiforthat.com/icons/illumi-one.svg?height=207","https://theresanaiforthat.com/ai/illumi-one/","illumi","v1.0.0","","Multiplayer AI Canvas for teams","Team collaboration","https://theresanaiforthat.com/task/team-collaboration/","illumi 1.0.0 : Building complex deliverables

üßò Focus Mode: 
Our power users love Illumi for visual learning and connecting ideas. But as your projects evolve from loose concepts into long-form documents - like that 40-page market expansion report - the visual noise of a whiteboard can become a distraction.

We built Focus Mode to give your ideas the space they deserve.

Why Fullscreen on a Whiteboard? When it's time to stop planning and start drafting, expand any card (Notes, Preprints, or Prompts) into a beautiful Fullscreen View. It‚Äôs a dedicated text editor living right on top of your visual workspace.


üß† Gemini 3: Now with Enhanced Web Search
We‚Äôve upgraded our integration with Gemini 3 to better harness the live internet. It‚Äôs no longer just processing data; it‚Äôs actively finding it.

Try this prompt: Ask it ""What is the biggest news in February 2026?"" to see how it pulls real-time, relevant context into your work.

‚ö° Speed & ""Snappy"" Navigation: We‚Äôve overhauled the navigation bar to handle heavy workflows.

Instant Loading: Even if you have hundreds of projects, your board list now loads instantly (prioritising your top 15 boards).

Seamless Switching: Jumping between whiteboards is now smoother and faster.

üé• See it in Action: From Solo Progress to Team Momentum
Wondering how this fits into your workflow? We‚Äôve put together a walkthrough of a common scenario: The 2-Day Consulting Sprint.

üß® Lunar New Year Offer: Last Chance!
We are preparing to launch our official pricing tiers soon. Sign up before the Lunar New Year to lock in early user benefits!","3d ago","100% Free","73,491","52","5.0","69,601","www.illumi.one","https://www.illumi.one/?ref=taaft&utm_source=taaft&utm_medium=referral","https://theresanaiforthat.com/@lingyi-chang/","https://media.theresanaiforthat.com/u/lingyi-chang.png?width=52","Ling Chang","üõ†Ô∏è 1","tool","7","https://theresanaiforthat.com/map/?c=SG","üá∏üá¨","Singapore","üôè 1","karma"
"https://media.theresanaiforthat.com/icons/newyougo.svg?height=207","https://theresanaiforthat.com/ai/newyougo/","NewYouGo","","https://newyougo.com/?ref=taaft&utm_source=taaft&utm_medium=referral","Fast & free AI image generator.","Images","https://theresanaiforthat.com/task/images/","","3d ago","From $7.9/mo","440","3","","","","","","","","","","","https://theresanaiforthat.com/map/?c=US","üá∫üá∏","United States","",""
"https://media.theresanaiforthat.com/icons/grok-imagine.svg?height=207","https://theresanaiforthat.com/ai/grok-imagine/","Grok Imagine","v1.0","","Unleash Your Creativity with Grok Imagine","Image to video","https://theresanaiforthat.com/task/image-to-video/","Sharper visuals + smoother motion for cleaner, more natural-looking clips.

10-second videos in 720p, with much better audio quality.

Big audio upgrade: expressive character voices with emotion, plus immersive music that matches the scene.

Major boost in prompt following: better at understanding your intent and handling follow-up prompts to refine the result.

Stronger ‚Äúeveryday‚Äù use cases: animate old family photos, bring pet photos to life, and quickly create memes or news-reaction clips.","3d ago","Free + from $30/mo","13,014","14","3.6","9,492","grok.com","https://grok.com/imagine?ref=taaft&utm_source=taaft&utm_medium=referral","","","","","","6","https://theresanaiforthat.com/map/?c=US","üá∫üá∏","United States","",""
"https://media.theresanaiforthat.com/icons/redlight-greenlight.svg?height=207","https://theresanaiforthat.com/ai/redlight-greenlight/","Redlight Greenlight for Claude Code","","https://yogesh.co/redlight-greenlight?utm_source=rgdomain&ref=taaft&utm_source=taaft&utm_medium=referral","Approve/reject Claude code permission requests from anywhere on Mac","Code permissions","https://theresanaiforthat.com/task/code-permissions/","","3d ago","From $6.9","81","1","","","","","","","","","","","","","","",""
"https://media.theresanaiforthat.com/icons/remio.svg?height=207","https://theresanaiforthat.com/ai/remio/","remio: Your Personal ChatGPT","v2.8.10","","Get Tailored Answer with Your Personal ChatGPT","Knowledge bases","https://theresanaiforthat.com/task/knowledge-bases/","1.ü§ñYour Personal ChatGPT:
No more generic advice,get tailored answers with all your context

2.üìÅReal-timeLocal Files integration:
No more uploads to ChatGPTs,awaken your  documents with just one click 

3.üì∑Browse to Save
No more broken bookmarks,effortless memory for every page you visit. 

4.üéôÔ∏èUnlimited Free Meeting Transcription
No more replaying,capture every detail without taking a note.","4d ago","Free + from $8.25/mo","503,693","417","4.2","469,725","www.remio.ai","https://www.remio.ai/?ref=taaft&utm_source=taaft&utm_medium=referral","https://theresanaiforthat.com/@user-1742299184/","https://media.theresanaiforthat.com/u/user-1742299184.png?width=52","Shake","üõ†Ô∏è 1","tool","7","https://theresanaiforthat.com/map/?c=SG","üá∏üá¨","Singapore","üôè 13","karma"
"https://media.theresanaiforthat.com/icons/rabbitholes-ai.svg?height=207","https://theresanaiforthat.com/ai/rabbitholes-ai/","Rabbitholes AI","v6.1.2","","Chat with AI models on an Infinite Canvas","ChatGPT","https://theresanaiforthat.com/task/chatgpt/","## MCP Support (Beta)

You can now add MCP servers and use them with LLMs that support tool calling. Note: Straico doesn't support tool calling.

## Fal AI Provider (Beta)

You can now add Fal AI Provider to generate images with Fal image models.

## Retry Button Has Moved to Messages

Regenerate / retry button has been removed in favor of regenerate message button that'll be visible as an icon underneath any LLM response inside Chat nodes.

## Updated Feedback and Bug Form

The feedback and bug form now automatically gets the license information and the main.log file. You can attach screenshots and screen recordings and just explain the bug or the feedback.

## Version and Update UI

Previously updates happened in the background and didn't offer any view into the download process. You can now click on the version label in the app and it'll open a popup to let you download updates if available. This popup will also display the progress of the download.

## Misc

- UI fixes
- Performance improvements
- Default Model settings have been moved to settings page. Set your default image, title, and chat models from settings > default models
- Fixed a bug where having custom providers still show ""No AI running"" popup in the canvas
- Reverted a change in auto save that was causing aggressive saves and making the app unresponsive in some cases","4d ago","From $89","103,922","86","4.0","94,638","www.rabbitholes.ai","https://www.rabbitholes.ai/?ref=taaft&utm_source=taaft&utm_medium=referral","https://theresanaiforthat.com/@praneethpike-1/","https://media.theresanaiforthat.com/assets/level-0.png?width=52","Praneeth Pike","üõ†Ô∏è 1","tool","2","https://theresanaiforthat.com/map/?c=US","üá∫üá∏","United States","üôè 70","karma"
"https://media.theresanaiforthat.com/icons/seekario.svg?height=207","https://theresanaiforthat.com/ai/seekario/","Seekario","","","Land your dream job faster with AI.","Job search","https://theresanaiforthat.com/task/job-search/","","4d ago","Free + from $12/mo","5,113","9","","4,942","seekario.ai","https://seekario.ai/?ref=taaft&utm_source=taaft&utm_medium=referral","","","","","","","https://theresanaiforthat.com/map/?c=AU","üá¶üá∫","Australia","",""
"https://media.theresanaiforthat.com/icons/facefusion.svg?height=207","https://theresanaiforthat.com/ai/facefusion/","FaceFusion","","","Industry leading face manipulation platform.","Face editing","https://theresanaiforthat.com/task/face-editing/","","4d ago","100% Free","17,908","24","4.5","16,802","facefusion.io","https://facefusion.io/?ref=taaft&utm_source=taaft&utm_medium=referral","https://theresanaiforthat.com/@george-anderson-5drqe/","https://lh3.googleusercontent.com/a/ACg8ocJ8VY3nnsHhMZ3_OXgGHLV6TKQcFpm1ZzrWW6I4BQqqVXLJAA=s96-c?width=52","Geo","","karma","","https://theresanaiforthat.com/map/?c=US","üá∫üá∏","United States","üôè 1",""
"https://media.theresanaiforthat.com/icons/vibepaint-ai.svg?height=207","https://theresanaiforthat.com/ai/vibepaint-ai/","VibePaint.ai","","https://vibepaint-ai-795372324720.us-west1.run.app/?ref=taaft&utm_source=taaft&utm_medium=referral","AI-powered creative painting experience.","Sketch to image","https://theresanaiforthat.com/task/sketch-to-image/","","5d ago","100% Free","4,112","13","5.0","","","","","","","","","","","","","",""
"https://media.theresanaiforthat.com/icons/floyo.svg?height=207","https://theresanaiforthat.com/ai/floyo/","Floyo","","","ComfyUI workflows in your browser, zero setup.","Workflows","https://theresanaiforthat.com/task/workflows/","","5d ago","Free + from $7.5/mo","571","1","2.5","221","www.floyo.ai","https://www.floyo.ai/?ref=taaft&utm_source=taaft&utm_medium=referral","","","","","","","","","","",""
"https://media.theresanaiforthat.com/icons/translate-image-io.svg?height=207","https://theresanaiforthat.com/ai/translate-image-io/","Translate Image.io","","https://translateimage.io/?ref=taaft&utm_source=taaft&utm_medium=referral","Translate text in photos to 130+ languages instantly.","Image translation","https://theresanaiforthat.com/task/image-translation/","","5d ago","Free + from $9.99/mo","192","1","","","","","","","","","","","","","","",""
"https://media.theresanaiforthat.com/icons/orphiq.png?height=207","https://theresanaiforthat.com/ai/orphiq/","Orphiq","","https://orphiq.com/?ref=taaft&utm_source=taaft&utm_medium=referral","AI music strategist that helps artists and teams plan releases and grow.","Music marketing","https://theresanaiforthat.com/task/music-marketing/","","5d ago","Free + from $37/mo","145","5","","","","","","","","","","","https://theresanaiforthat.com/map/?c=US","üá∫üá∏","United States","",""
"https://media.theresanaiforthat.com/icons/clawxiv.svg?height=207","https://theresanaiforthat.com/ai/clawxiv/","clawXiv","","https://www.clawxiv.org/?ref=taaft&utm_source=taaft&utm_medium=referral","Free preprint archive for autonomous AI agent research.","Agents research archive","https://theresanaiforthat.com/task/agents-research-archive/","","5d ago","100% Free","118","1","5.0","","","","","","","","","","","","","",""
"https://media.theresanaiforthat.com/icons/videoany-lip-sync-ai-online.svg?height=207","https://theresanaiforthat.com/ai/videoany-lip-sync-ai-online/","VideoAny Lip Sync AI Online","","https://videoany.io/lip-sync?ref=taaft&utm_source=taaft&utm_medium=referral","Turn photos and audio into lip-sync videos.","Lip sync videos","https://theresanaiforthat.com/task/lip-sync-videos/","","5d ago","Free + from $7.5/mo","522","3","5.0","","","","https://theresanaiforthat.com/@daoud-abismail/","https://lh3.googleusercontent.com/a/ACg8ocJB3gGkj3sb-4pHAN-EYEfvOCvBGHNMl4E9LyR3EMTmDO9N6g=s96-c?width=52","Daoud abismail","","","","","","","",""
"https://media.theresanaiforthat.com/icons/robbyant-lingbot-world.png?height=207","https://theresanaiforthat.com/ai/robbyant-lingbot-world/","Robbyant LingBot-World","","","Build playable AI worlds ‚Äî controllable, consistent, and physically grounded.","Game worlds","https://theresanaiforthat.com/task/game-worlds/","","5d ago","No pricing","4,042","1","","3,920","technology.robbyant.com","https://technology.robbyant.com/lingbot-world?ref=taaft&utm_source=taaft&utm_medium=referral","","","","","","","","","","",""
"https://media.theresanaiforthat.com/icons/airmusic.svg?height=207","https://theresanaiforthat.com/ai/airmusic/","AirMusic","v1.1","https://airmusic.ai/?ref=taaft&utm_source=taaft&utm_medium=referral","Create original music in seconds with AI.","Music","https://theresanaiforthat.com/task/music/","AirMusic v1.1 introduces our core feature: the AI Music Generator, designed to help anyone create original music online in seconds.

With AirMusic, you no longer need music theory, instruments, or production experience. Simply describe the style, mood, genre, or use case, and our AI music generator creates a unique track from scratch. Every song is original, royalty-free, and ready to use.

This version is ideal for creators looking for:

AI-generated background music

Original songs for videos, games, or apps

Fast music creation without copyright risk

Use cases / Scenarios:
If you are creating YouTube videos, short-form social media content, mobile games, or marketing ads and need original background music fast, AirMusic lets you produce custom tracks without worrying about licensing, copyright strikes, or music production costs.

Key features:

Text-to-music AI generation

Multiple genres and moods

High-quality audio output

Commercial-use friendly","5d ago","Free + from $11.9/mo","2,648","13","4.0","","","","https://theresanaiforthat.com/@spanchen/","https://lh3.googleusercontent.com/a/ACg8ocJFCx8AZTFxiti8QKmzGTkep2mMXgcIfxK0ukf8v9RDeZ8=s96-c?width=52","Span Chen","üõ†Ô∏è 6","tools","2","","","","üôè 19","karma"
"https://media.theresanaiforthat.com/icons/piooy-ai-image-generator.svg?height=207","https://theresanaiforthat.com/ai/piooy-ai-image-generator/","Piooy AI Image Generator","","https://piooy.com/ai-image-generator?ref=taaft&utm_source=taaft&utm_medium=referral","Create stunning images from text prompts instantly.","Images","https://theresanaiforthat.com/task/images/","","6d ago","Free + from $9.99/mo","945","6","2.0","","","","","","","","","","","","","",""
"https://media.theresanaiforthat.com/icons/lullaby.svg?height=207","https://theresanaiforthat.com/ai/lullaby/","Lullaby","","https://lullaby.ink/?ref=taaft&utm_source=taaft&utm_medium=referral","Transform your child's photo into custom illustrated storybooks.","Storybooks","https://theresanaiforthat.com/task/storybooks/","","6d ago","From $2.99","245","6","","","","","","","","","","","","","","",""
"https://media.theresanaiforthat.com/icons/topicalmap-ai.svg?height=207","https://theresanaiforthat.com/ai/topicalmap-ai/","TopicalMap.ai","","https://topicalmap.ai/?ref=taaft&utm_source=taaft&utm_medium=referral","AI-powered topical mapping for semantic SEO mastery.","Topical maps","https://theresanaiforthat.com/task/topical-maps/","","6d ago","From $56/mo","136","1","5.0","","","","https://theresanaiforthat.com/@megan-ragab/","https://lh3.googleusercontent.com/a/ACg8ocKK4OIPGGnMmf98sFEl8SO8zkwdQpu2PhrMuSQUtJcPY4WMPQ=s96-c?width=52","Megan Ragab","üõ†Ô∏è 1","tool","","","","","",""
"https://media.theresanaiforthat.com/icons/voor-ai-video-generator.svg?height=207","https://theresanaiforthat.com/ai/voor-ai-video-generator/","Voor AI | Video Generator","","https://voor.ai/?ref=taaft&utm_source=taaft&utm_medium=referral","AI Video & Image Generator for creators.","Videos","https://theresanaiforthat.com/task/videos/","","6d ago","From $14.99/mo","2,219","1","2.6","","","","","","","","","","","","","",""
"https://media.theresanaiforthat.com/icons/projectassistant.svg?height=207","https://theresanaiforthat.com/ai/projectassistant/","ProjectAssistant","","","AI-powered project management that supercharges your workflow.","Project management","https://theresanaiforthat.com/task/project-management/","","6d ago","From $14/mo","10,004","9","","9,805","projects.marver-tech.com","https://projects.marver-tech.com/en/landing?ref=taaft&utm_source=taaft&utm_medium=referral","","","","","","","","","","",""
"https://media.theresanaiforthat.com/icons/tryranksense.svg?height=207","https://theresanaiforthat.com/ai/tryranksense/","TryRankSense","","","AI tells you what to fix first.","SEO","https://theresanaiforthat.com/task/seo/","","6d ago","Free + from $29/mo","11,856","5","","11,659","tryranksense.com","https://tryranksense.com/?ref=taaft&utm_source=taaft&utm_medium=referral","https://theresanaiforthat.com/@rogaai/","https://media.theresanaiforthat.com/u/rogaai.png?width=52","ROGA AI","üõ†Ô∏è 3","tools","","","","","üôè 1","karma"
"https://media.theresanaiforthat.com/icons/vidflux-text-to-image-ai.svg?height=207","https://theresanaiforthat.com/ai/vidflux-text-to-image-ai/","VidFlux Text to Image AI","","https://vidflux.ai/text-to-image?ref=taaft&utm_source=taaft&utm_medium=referral","Generate stunning images from text prompts.","Images","https://theresanaiforthat.com/task/images/","","6d ago","From $6.75/mo","357","2","5.0","","","","https://theresanaiforthat.com/@bob-los/","https://lh3.googleusercontent.com/a/ACg8ocKqv9H5L3MAAg3kb3e8zjTBcRw6_vjbc8GIoaTd7AtoExEmeSw=s96-c?width=52","Bob Los","","karma","","","","","üôè 7",""
"https://media.theresanaiforthat.com/icons/kilo-kilo-code-reviewer.svg?height=207","https://theresanaiforthat.com/ai/kilo-kilo-code-reviewer/","Kilo | Code Reviewer","","","AI-powered code reviews that catch bugs before merge.","Code reviews","https://theresanaiforthat.com/task/code-reviews/","","6d ago","Free + from $15/mo","20,188","9","3.6","19,857","kilo.ai","https://kilo.ai/code-reviewer?ref=taaft&utm_source=taaft&utm_medium=referral","","","","","","","","","","",""
"https://media.theresanaiforthat.com/icons/deepread-tech.svg?height=207","https://theresanaiforthat.com/ai/deepread-tech/","DeepRead.Tech","","https://www.deepread.tech/?ref=taaft&utm_source=taaft&utm_medium=referral","AI-native OCR platform, 95%+ accuracy, zero prompt engineering, flags uncertain fields.","OCR","https://theresanaiforthat.com/task/ocr/","","6d ago","Free + from $99/mo","258","3","5.0","","","","https://theresanaiforthat.com/@deepread_tec/","https://lh3.googleusercontent.com/a/ACg8ocJ6GijbknKbkPAtx7kKOWgWZXMbmb88NSWW99C_Rb245bo0Kw=s96-c?width=52","twinkle c","üõ†Ô∏è 1","tool","","","","","üôè 4","karma"
"https://media.theresanaiforthat.com/icons/sportbot-ai.svg?height=207","https://theresanaiforthat.com/ai/sportbot-ai/","SportBot AI","v2.1","","AI sports match analysis in 60 seconds.","Sports data analysis","https://theresanaiforthat.com/task/sports-data-analysis/","Improved Ai models for better analysis.
Improved ai chat mode.
Added daily free tips.","6d ago","Free + from $19.99/mo","20,389","12","5.0","19,750","www.sportbotai.com","https://www.sportbotai.com/?ref=taaft&utm_source=taaft&utm_medium=referral","https://theresanaiforthat.com/@stefanmitrovic/","https://lh3.googleusercontent.com/a/ACg8ocIFfdpe-EAHjX5Iot1Lb1pWfxLacF0EjrGT-bvO6MAKu8U=s96-c?width=52","Stefan Mitrovic","üõ†Ô∏è 5","tools","2","","","","üôè 9","karma"
"https://media.theresanaiforthat.com/icons/x-pilot-ai.svg?height=207","https://theresanaiforthat.com/ai/x-pilot-ai/","X-Pilot AI","v2.5","","Turn Text into Course Videos with Knowledge Visualization","Educational videos","https://theresanaiforthat.com/task/educational-videos/","1. Real-Time Video Preview & Editing
2. Voice Cloning
3. 3D & Knowledge Metaphor Visual Tools 
4. Long Video Support
5. Real-Time Asset Injection
6. Download your complete video source files","6d ago","Free + from $24/mo","35,297","42","4.5","32,965","www.x-pilot.ai","https://www.x-pilot.ai/?ref=taaft&utm_source=taaft&utm_medium=referral","https://theresanaiforthat.com/@bian-heshan/","https://lh3.googleusercontent.com/a/ACg8ocLEUWtHcbIiId6mdtvHCUBIcNKekNUNzfveU4vSWizRYfSrnA=s96-c?width=52","Bian Heshan","üõ†Ô∏è 1","tool","4","https://theresanaiforthat.com/map/?c=US","üá∫üá∏","United States","üôè 35","karma"
"/tools/chatgpt.svg","https://openai.com/chatgpt","ChatGPT","v4o","https://chat.openai.com","The most popular AI chatbot by OpenAI. Conversational AI for writing, coding, analysis, and creative tasks.","Chatbots","","","","Freemium","12,500,000","98,500","4.8","12,500,000","chat.openai.com","https://chat.openai.com","","","OpenAI","","tool","","","","","",""
"/tools/claude.svg","https://claude.ai","Claude","v4","https://claude.ai","Anthropic's advanced AI assistant. Excels at long-form analysis, coding, and nuanced reasoning with 200K context.","Chatbots","","","","Freemium","8,200,000","67,200","4.7","8,200,000","claude.ai","https://claude.ai","","","Anthropic","","tool","","","","","",""
"/tools/gemini.svg","https://gemini.google.com","Gemini","v2.5","https://gemini.google.com","Google's multimodal AI model. Understands text, images, audio, and video for versatile AI tasks.","Chatbots","","","","Freemium","9,800,000","72,100","4.6","9,800,000","gemini.google.com","https://gemini.google.com","","","Google","","tool","","","","","",""
"/tools/midjourney.svg","https://midjourney.com","Midjourney","v6.1","https://midjourney.com","Leading AI image generator creating stunning, artistic visuals from text prompts with unmatched aesthetic quality.","Images","","","","From $10/mo","6,400,000","54,300","4.8","6,400,000","midjourney.com","https://midjourney.com","","","Midjourney","","tool","","","","","",""
"/tools/copilot.svg","https://github.com/features/copilot","GitHub Copilot","v2.0","https://github.com/features/copilot","AI pair programmer by GitHub and OpenAI. Autocompletes code, writes functions, and suggests entire blocks in your IDE.","Coding","","","","From $10/mo","7,100,000","61,800","4.7","7,100,000","github.com","https://github.com/features/copilot","","","GitHub","","tool","","","","","",""
"/tools/perplexity.svg","https://perplexity.ai","Perplexity AI","v3.0","https://perplexity.ai","AI-powered search engine that provides cited, real-time answers. Research assistant with live web access.","Search","","","","Freemium","5,600,000","45,200","4.6","5,600,000","perplexity.ai","https://perplexity.ai","","","Perplexity","","tool","","","","","",""
"/tools/cursor.svg","https://cursor.com","Cursor","v1.0","https://cursor.com","AI-first code editor built on VS Code. Features intelligent autocomplete, chat, and codebase understanding.","Coding","","","","Freemium","4,200,000","38,700","4.7","4,200,000","cursor.com","https://cursor.com","","","Anysphere","","tool","","","","","",""
"/tools/dalle.svg","https://openai.com/dall-e-3","DALL-E 3","v3.0","https://openai.com/dall-e-3","OpenAI's image generation model. Creates detailed, accurate images from natural language descriptions.","Images","","","","Freemium","5,100,000","42,600","4.5","5,100,000","openai.com","https://openai.com/dall-e-3","","","OpenAI","","tool","","","","","",""
"/tools/runway.svg","https://runwayml.com","Runway","v4.0","https://runwayml.com","Professional AI video generation and editing platform. Gen-3 Alpha creates cinematic videos from text and images.","Videos","","","","From $15/mo","3,800,000","31,400","4.6","3,800,000","runwayml.com","https://runwayml.com","","","Runway","","tool","","","","","",""
"/tools/suno.svg","https://suno.com","Suno","v4.5","https://suno.com","AI music generation platform. Create full songs with vocals, instruments, and lyrics from simple text prompts.","Music","","","","Freemium","3,200,000","28,900","4.5","3,200,000","suno.com","https://suno.com","","","Suno","","tool","","","","","",""
"/tools/notion.svg","https://notion.so","Notion AI","v2.0","https://notion.so","AI-powered workspace for notes, docs, and project management. Smart writing, summarization, and knowledge retrieval.","Productivity","","","","From $10/mo","4,500,000","39,100","4.6","4,500,000","notion.so","https://notion.so","","","Notion","","tool","","","","","",""
"/tools/jasper.svg","https://jasper.ai","Jasper","v3.0","https://jasper.ai","Enterprise AI marketing platform. Creates on-brand content, ads, and copy at scale with company style guides.","Marketing","","","","From $49/mo","2,800,000","24,500","4.4","2,800,000","jasper.ai","https://jasper.ai","","","Jasper","","tool","","","","","",""